key,title,year,doi,pubmed_id,venue,reason_not_auto,access_route,status,pdf_path,notes
rayyan-601300058,A Human-Centered Approach to Interpretable Machine Learning in Clinical Decision Support Systems,2025,10.1109/ICAIIHI67124.2025.11403473,,IEEE (ICAIIHI 2025),Not on PubMed/PMC; IEEE Xplore paywall,IEEE Xplore via institutional access,retrieved,data/extraction/fulltext_pdfs/rayyan-601300058.pdf,Manually downloaded from IEEE Xplore; title/DOI verified against PDF
rayyan-601300059,Exploring the Advancements of AI Enabled Clinical Decision Support Systems for Patient Triage in Healthcare,2024,10.1109/HealthCom60970.2024.10880833,,IEEE (HealthCom 2024),Not on PubMed/PMC; IEEE Xplore paywall,IEEE Xplore via institutional access,retrieved,data/extraction/fulltext_pdfs/rayyan-601300059.pdf,Manually downloaded from IEEE Xplore; title/DOI verified against PDF
rayyan-601300060,Interpretable Machine Learning-Based Triage For Decision Support in Emergency Care,2023,10.1109/ICOEI56765.2023.10125918,,IEEE (ICOEI 2023),Not on PubMed/PMC; IEEE Xplore paywall,IEEE Xplore via institutional access,retrieved,data/extraction/fulltext_pdfs/rayyan-601300060.pdf,Manually downloaded from IEEE Xplore; title/DOI verified against PDF
rayyan-601300063,Interpretable Machine Learning for Early Detection of Critical Outcomes in the Emergency Department,2025,10.1109/CBMS65348.2025.00128,,IEEE (CBMS 2025),Not on PubMed/PMC; IEEE Xplore paywall,IEEE Xplore via institutional access,retrieved,data/extraction/fulltext_pdfs/rayyan-601300063.pdf,Manually downloaded from IEEE Xplore; title/DOI verified against PDF
rayyan-601300066,Consistency of XAI Models against Medical Expertise: An Assessment Protocol,2024,10.1109/ICHI61247.2024.00116,,IEEE (ICHI 2024),Not on PubMed/PMC; IEEE Xplore paywall,IEEE Xplore via institutional access,retrieved,data/extraction/fulltext_pdfs/rayyan-601300066.pdf,"Manually downloaded from IEEE Xplore; title verified against PDF (no DOI printed on page 1 of this PDF, but title match is exact/unambiguous)"
rayyan-601300068,Emergency Department Triage Hospitalization Prediction Based on Machine Learning and Rule Extraction,2023,10.1109/IEEECONF58974.2023.10405176,,IEEE Conference 2023,Not on PubMed/PMC; IEEE Xplore paywall,IEEE Xplore via institutional access,retrieved,data/extraction/fulltext_pdfs/rayyan-601300068.pdf,Manually downloaded from IEEE Xplore; title/DOI verified against PDF
rayyan-601300073,Triage Level Prediction Using Machine Learning with Tree-Based Gradient Boosting Algorithms,2025,10.1109/CHILECON66915.2025.11476096,,IEEE (CHILECON 2025),Not on PubMed/PMC; IEEE Xplore paywall,IEEE Xplore via institutional access,retrieved,data/extraction/fulltext_pdfs/rayyan-601300073.pdf,Manually downloaded from IEEE Xplore; title/DOI verified against PDF
rayyan-601300074,Early Prediction of In-Hospital Mortality in Emergency Departments Using Ensemble Machine Learning,2026,10.1109/IRASET68627.2026.11538552,,IEEE (IRASET 2026),Not on PubMed/PMC; IEEE Xplore paywall,IEEE Xplore via institutional access,retrieved,data/extraction/fulltext_pdfs/rayyan-601300074.pdf,Manually downloaded from IEEE Xplore; title/DOI verified against PDF
rayyan-601300076,Emergency Department Triage Classification: A Comparative Study with Explainable AI for Small-Data Environments,2026,10.1109/ICAISET66439.2026.11541334,,IEEE (ICAISET 2026),Not on PubMed/PMC; IEEE Xplore paywall,IEEE Xplore via institutional access,retrieved,data/extraction/fulltext_pdfs/rayyan-601300076.pdf,Manually downloaded from IEEE Xplore; title/DOI verified against PDF
rayyan-601300077,Assessment of Hematological Predictors via Explainable Artificial Intelligence in the Prediction of Acute Myocardial Infarction,2023,10.1109/ACCESS.2023.3321509,,IEEE Access (journal),"Not on PubMed/PMC, but IEEE Access is itself fully open-access","Try ieeexplore.ieee.org/document lookup by DOI directly -- IEEE Access articles are free to download, no institutional login needed",retrieved,data/extraction/fulltext_pdfs/rayyan-601300077.pdf,Manually downloaded from IEEE Access; title/DOI verified against PDF
rayyan-601300083,Explainable NLP Model for Predicting Patient Admissions at Emergency Department Using Triage Notes,2023,10.1109/BigData59044.2023.10386753,,IEEE (BigData 2023),Not on PubMed/PMC; IEEE Xplore paywall,IEEE Xplore via institutional access,retrieved,data/extraction/fulltext_pdfs/rayyan-601300083.pdf,Manually downloaded from IEEE Xplore; title/DOI verified against PDF
rayyan-601300086,Improving Emergency Triage in Crisis Situations: a Hybrid GAN-Boosting Approach With Machine Learning,2025,10.1109/AMCAI66110.2025.11474368,,IEEE (AMCAI 2025),Not on PubMed/PMC; IEEE Xplore paywall,IEEE Xplore via institutional access,retrieved,data/extraction/fulltext_pdfs/rayyan-601300086.pdf,Manually downloaded from IEEE Xplore; title/DOI verified against PDF
rayyan-601300218,Interpretable Machine Learning for Emergency Department Triage: A Systematic Literature Review,2025,10.1109/ICTS67612.2025.11369580,,IEEE (ICTS 2025),Not on PubMed/PMC; IEEE Xplore paywall,IEEE Xplore via institutional access,retrieved,data/extraction/fulltext_pdfs/rayyan-601300218.pdf,Manually downloaded from IEEE Xplore; title/DOI verified against PDF
rayyan-601300220,The role of AI in emergency department triage: An integrative systematic review.,2025,10.1016/j.iccn.2025.104058,40306071,Intensive and Critical Care Nursing (Elsevier),On PubMed but not in PMC,ScienceDirect via institutional access,pending,,
rayyan-601300239,Implementation considerations for the adoption of artificial intelligence in the emergency department.,2024,10.1016/j.ajem.2024.05.020,38820809,American Journal of Emergency Medicine (Elsevier),On PubMed but not in PMC,ScienceDirect via institutional access,pending,,
rayyan-601300248,The applicability of artificial intelligence in managing emergency patients: An umbrella review.,2025,10.1016/j.ienj.2025.101710,41242110,International Emergency Nursing (Elsevier),On PubMed but not in PMC,ScienceDirect via institutional access,pending,,
rayyan-601300262,Clinician Perspectives on Decision Support and AI-based Decision Support in a Pediatric ED.,2024,10.1542/hpeds.2023-007653,39318354,Hospital Pediatrics (AAP),On PubMed but not in PMC,AAP Publications via institutional access,pending,,
rayyan-601300267,Explainable Machine Learning Models for Rapid Risk Stratification in the Emergency Department: A Multicenter Study.,2024,10.1093/jalm/jfad094,38102476,Journal of Applied Laboratory Medicine (Oxford),On PubMed but not in PMC,Oxford Academic via institutional access,pending,,
rayyan-601300293,Machine learning interpretability methods to characterize the importance of hematologic biomarkers in prognosticating patients with suspected infection.,2024,10.1016/j.compbiomed.2024.109251,39393128,Computers in Biology and Medicine (Elsevier),"In PMC (PMC11576231) but NOT in the OA-licensed subset",ScienceDirect via institutional access,retrieved,data/extraction/fulltext_pdfs/rayyan-601300293.pdf,"Manually downloaded from ScienceDirect; title/PII verified against PDF -- NOTE: this is the accepted-manuscript version (pre-typesetting), not the final Version of Record"
rayyan-601300391,Development and Assessment of an Interpretable Machine Learning Triage Tool for Estimating Mortality After Emergency Admissions.,2021,10.1001/jamanetworkopen.2021.18467,34448870,JAMA Network Open,"PMC package (PMC8397930) only contains the supplementary-material PDF, no rendered main-text PDF","JAMA Network Open is fully open-access -- get directly from jamanetwork.com (DOI resolves there), no institutional login needed",retrieved,data/extraction/fulltext_pdfs/rayyan-601300391.pdf,Manually downloaded from JAMA Network Open; title/DOI verified against PDF
rayyan-601300626,Data-driven decision support in hospital resource planning: an artificial intelligence-based model proposal for emergency department demand.,2026,10.1016/j.ijmedinf.2026.106483,42143518,International Journal of Medical Informatics (Elsevier),On PubMed but not in PMC,ScienceDirect via institutional access,pending,,
